domain,reason
serverpronto.com,logo_not_found
mojo-themes.com,logo_not_found
sherweb.com,logo_not_found
findthebest.com,logo_not_found
godaddy.com,logo_not_found
e-monsite.com,logo_not_found
brighthouse.com,logo_not_found
socialgo.com,logo_not_found
rcn.com,logo_not_found
mylife.com,logo_not_found
antonline.com,logo_not_found
neat.com,logo_not_found
peerfly.com,logo_not_found
ixiacom.com,logo_not_found
test.com,logo_not_found
drippler.com,logo_not_found
voodoo.com,logo_not_found
bigcommerce.com,logo_not_found
wiggio.com,logo_not_found
morningprint.com,logo_not_found
turnkeyinternet.net,logo_not_found
answernet.com,logo_not_found
fairpoint.com,logo_not_found
constantcontact.com,logo_not_found
scoutmob.com,logo_not_found
freedownloads.us.com,logo_not_found
dealtime.com,logo_not_found
mediatemple.net,logo_not_found
trapcall.com,logo_not_found
fuzemeeting.com,logo_not_found
intelius.com,logo_not_found
online.de,logo_not_found
bluejeans.com,logo_not_found
mimecast.com,logo_not_found
hostmonster.com,logo_not_found
dishnetwork.com,logo_not_found
coveroo.com,logo_not_found
swappa.com,logo_not_found
twcbc.com,logo_not_found
lyris.com,logo_not_found
link-assistant.com,logo_not_found
tut.by,logo_not_found
peoplefinders.com,logo_not_found
intercall.com,logo_not_found
cjb.net,logo_not_found
appsbar.com,logo_not_found
telus.net,logo_not_found
consumercellular.com,logo_not_found
consolidated.com,logo_not_found
geocities.jp,logo_not_found
pages05.net,logo_not_found
cspire.com,logo_not_found
biznessapps.com,logo_not_found
televisionfanatic.com,logo_not_found
shoretel.com,logo_not_found
midcocomm.com,logo_not_found
serverintellect.com,logo_not_found
charterbusiness.com,logo_not_found
gogrid.com,logo_not_found
toucharcade.com,logo_not_found
datapipe.com,logo_not_found
tributes.com,logo_not_found
voipsupply.com,logo_not_found
namecheap.com,logo_not_found
bluehost.com,logo_not_found
telekom.com,logo_not_found
aricent.com,logo_not_found
linksynergy.com,logo_not_found
cx.com,logo_not_found
peeplo.com,logo_not_found
whitefence.com,logo_not_found
glispa.com,logo_not_found
wildblue.com,logo_not_found
mysimplemobile.com,logo_not_found
optimum.com,logo_not_found
fiksu.com,logo_not_found
appappeal.com,logo_not_found
cablemover.com,logo_not_found
digicelgroup.com,logo_not_found
list-manage.com,logo_not_found
safelinkwireless.com,logo_not_found
netfirms.com,logo_not_found
register.com,logo_not_found
lifehealthpro.com,logo_not_found
jiwire.com,logo_not_found
squidoo.com,logo_not_found
coroflot.com,logo_not_found
openx.org,logo_not_found
buuteeq.com,logo_not_found
stackexchange.com,logo_not_found
terremark.com,logo_not_found
moonfruit.com,logo_not_found
otherinbox.com,logo_not_found
eweek.com,logo_not_found
rdio.com,logo_not_found
carphonewarehouse.com,logo_not_found
ipage.com,logo_not_found
gelaskins.com,logo_not_found
simplehelix.com,logo_not_found
qwestoffice.net,logo_not_found
totalrecipesearch.com,logo_not_found
dslextreme.com,logo_not_found
searchmarketingexpo.com,logo_not_found
resellerclub.com,logo_not_found
inetu.net,logo_not_found
orangesoda.com,logo_not_found
brandbucket.com,logo_not_found
waze.com,logo_not_found
tollfreeforwarding.com,logo_not_found
zetaboards.com,logo_not_found
adknowledge.com,logo_not_found
onesimcard.com,logo_not_found
rakuten.co.jp,logo_not_found
symanteccloud.com,logo_not_found
idrive.com,logo_not_found
powweb.com,logo_not_found
covario.com,logo_not_found
deviceanywhere.com,logo_not_found
dogpile.com,logo_not_found
digitallanding.com,logo_not_found
buydomains.com,logo_not_found
atdmt.com,logo_not_found
seidioonline.com,logo_not_found
i9sports.com,logo_not_found
webatu.com,logo_not_found
aerohive.com,logo_not_found
acquisio.com,logo_not_found
att.jobs,logo_not_found
vzwshop.com,logo_not_found
livedoor.jp,logo_not_found
8m.com,logo_not_found
globalspec.com,logo_not_found
bb-elec.com,logo_not_found
mashery.com,logo_not_found
internap.com,logo_not_found
ericsson.com,logo_not_found
directv.com,logo_not_found
parentlink.net,logo_not_found
mylikes.com,logo_not_found
exabytes.com,logo_not_found
virginmobileusa.com,logo_not_found
justhost.com,logo_not_found
ojon.com,logo_not_found
avea.com.tr,logo_not_found
tigo.com.gt,logo_not_found
ipower.com,logo_not_found
vat19.com,logo_not_found
microsoftonline.com,logo_not_found
net.com,logo_not_found
angelfire.com,logo_not_found
findtherightjob.com,logo_not_found
5linx.com,logo_not_found
etfdailynews.com,logo_not_found
nextworth.com,logo_not_found
seewhy.com,logo_not_found
voltage.com,logo_not_found
eukhost.com,logo_not_found
clickability.com,logo_not_found
mediacomcable.com,logo_not_found
x10.mx,logo_not_found
maas360.com,logo_not_found
savenkeep.com,logo_not_found
earthlinkbusiness.com,logo_not_found
progrexion.com,logo_not_found
hostgator.com,logo_not_found
cablesandkits.com,logo_not_found
ezetop.com,logo_not_found
000webhost.com,logo_not_found
mobilestorm.com,logo_not_found
bronto.com,logo_not_found
dotster.com,logo_not_found
searchbug.com,logo_not_found
asmallorange.com,logo_not_found
onlinephonestore.com,logo_not_found
slickdeals.net,logo_not_found
mlxchange.com,logo_not_found
bluefountainmedia.com,logo_not_found
homesandland.com,logo_not_found
ojooo.com,logo_not_found
pagesperso-orange.fr,logo_not_found
kudzu.com,logo_not_found
freeiz.com,logo_not_found
cmswire.com,logo_not_found
affiliatetechnology.com,logo_not_found
ipass.com,logo_not_found
movistar.com.pe,logo_not_found
brainhost.com,logo_not_found
startlogic.com,logo_not_found
peer1.com,logo_not_found
trafficwave.net,logo_not_found
business.com,logo_not_found
cellhut.com,logo_not_found
searchmarketing.com,logo_not_found
