domain,logo_url
about.com,"https://images.prismic.io/ddhomepage/aItgo6Tt2nPbZmnE_Mobile-5_Row.png?auto=compress,format&rect=0,0,640,337&w=640&h=337&fit=clip&cs=srgb&fm=webp&q=65&px=1&blur=100&fm=webp"
shopify.com,https://cdn.shopify.com/b/shopify-brochure2-assets/d9340911ca8c679b148dd4a205ad2ffa.svg
ask.com,https://www.ask.com/wp-content/themes/ask-2022/assets/images/site-logo.svg
webs.com,"data:image/gif;base64,R0lGODlhAQABAAAAACH5BAEKAAEALAAAAAABAAEAAAICTAEAOw=="
conduit.com,https://d3185mdpnf0eap.cloudfront.net/logo.png
zoho.com,"data:image/svg+xml;charset=utf8,%3Csvg%20xmlns%3D%22http%3A%2F%2Fwww.w3.org%2F2000%2Fsvg%22%20viewBox%3D%22100%25%20100%25%20200%20150%22%3E%3C%2Fsvg%3E"
go.com,https://lumiere-a.akamaihd.net/v1/images/left_button_1_0c488898.svg?region=0%2C0%2C32%2C33
lg.com,https://lg.com/content/dam/lge/common/logo/logo-lg-100-44.svg
verizonwireless.com,"data:image/svg+xml;utf8,<svg focusable=""false"" height=""18"" viewbox=""0 0 18 18"" width=""18"" xmlns=""http://www.w3.org/2000/svg"">
<path d=""M17.896 17.101l-5.995-5.994A6.721 6.721 0 0 0 13.5 6.75a6.75 6.75 0 1 0-6.75 6.75c1.661 0 3.18-.603 4.356-1.598l5.995 5.995.795-.796zM6.75 12.375A5.63 5.63 0 0 1 1.125 6.75 5.63 5.63 0 0 1 6.75 1.125a5.63 5.63 0 0 1 5.625 5.625 5.63 5.63 0 0 1-5.625 5.625z"" fill=""#000"" fillrule=""nonzero"">
</path>
</svg>"
box.com,"data:image/gif;base64,R0lGODlhAQABAAAAACH5BAEKAAEALAAAAAABAAEAAAICTAEAOw=="
surveymonkey.com,"data:image/webp;base64,UklGRhYzAABXRUJQVlA4WAoAAAAAAAAAzwIAtQEAVlA4IKIyAADQKAGdASrQArYBPpFGnkulo7asovN5atASCWdu4HafMODDnorzFo7HFzgg7Hf/S9e23+813m8emT+578J6FvTGf3LJO5prfnYt+BySuxvNX7nZyP8P/u+Lvy11Dvbn+54VEBH6R/hvOEnYfWv672Au/M8YCgR/T/816wn+v5bPsb2DP2H62HpMDB0X6Ii2P7OPA6L9ERbH9nledF/6IR+zioOrWKW5MotCB56JlxFFoOvqRFsf2cVB1awkUzQdWweeliu/UjAgyP2cVB1awhQKW2GeiItiuF/hmqAlWf3+LO/0APiaR0uNv7uiDp1kgTr7ZZxmXtzt5YdkWtVLTPL+ZJqfS1K+Y7mr9N8Zfz/Q67/Vqon8BOku/JgbpAH/QcB+dqx+q99GnPD1V6o2l2SbnN8dIyPFjC1nkDPXxlEbCInKpSXtDs41MVB1av9q36zItj+Jd//onoJpuNWGkYQj4xXmT/eUxi0rh+v/2gjJXlwNKEdy/T+HPL9XZ6MR4EBtcBpXfz3bkhW4V5bxQEJWdHF2CEek8cMcitwMhRJN5oeAv9OhdyWAO0eIXaIABeJ7MI0DTc29xle8OBuqGIgO92GOx1rKoZf89xFfB2oXqr0dRZ+h+8ouCZyfecKhZpkXGr1nIk/dOPA0TU7d+Q6xR5LlC+UP7OKg6sAfBUDTblXBM9fgichRE5KXvG4y3YnXJx7n94PgKHCYBEB0xuR//YebJHXuRp1Sniw/iBZHEFicHr6nywGMdd88yPkJzVg4pBX5jmNoZkGgiCZE8AEAvOSO8RmFdnEPgtTzyGeIRDUh9PUbx7qJvooxBc4tOhb9t/MxUaLPKHgG4CujW9b173cyPVewis1r93Jc8v9OTS9nG3ziKvmyejQKhViO4CSPJ7oOXxqM99XhfvWgDjU9P3xXiJ4jyz329d7u2jKxO2rDm9aVhvQczYU3O8M5L8E8YeRRpUTrW/iatVsTAJgbXfEk2fZZY0Lgzc1fpuDrd1L6yxrCPx65o9W2Fvbqk/NTSES+2fQAD2BeSad6MMI2J1x0JbLpH3mq5NRDwhkOGj7HQaNe8pDGosMmK7H1jw/asYNYQNpgqdJNNOVCLdBGbnpPwAUmVhSVdBFRbP8vRnDFBdxKqsYN/7saRLi9XajByJBNIREWx/vJRHd/SX7DZUCdU9IlmiErogXA1GTC2bR5ZI/Kw9YbPJu8xsK8yUqSQD87fSnhBmlq+JUG3h0vVYX7gce8SlDJstBgYC1jfS27lVVe0AGpKKA4wQisrXg+typ+82e1+egq7vV8ERNXmGTf+pwtpmiFYz9I31GEeAgS/4mNSxDz5jRGHXcSzaDq6VavyVBMjzDIUFsdhPN/pixat3WCI/GGFgw38GVf+dCvp9rzvq+3GuD4SXrhMJq8Fpje/KLTUsF0vVp1QPZSjct9u0oDg3rjvwf378TfKq3Ro0cgWGd79Q1y8b3TbvBYKk8CZAv3/KQ2Gb7Dxj9kg7kCB1IS7zyaShoITgfJCkpF9Zdw9bXKS+0eRsMvHIH263DQ3liZh0TXEoftOvE6Xigpjv0KUzrD5MHNenUBzAEUhzQnU3cO66LSYbehQMeik44kyONhlhql77UTHLhyoLEP3NRuuR3buQtkxpD+mpjnbFActIqKCgD7fXvSxGAxE5Oagn6r8bHlr3wn7hiNZGIjeqP0fPvhNvGJYYKAVUXJDijoX/V3nfsp8+JcIaJZPqozfSlbYOANemOfWMN1gXk96uhrtgMYTX+PGO4+SBVAfn8O32595YWGB9zdGJ22MqBUit6djPRKlp0UGLUL+eC3j7UKRfiIDdOmSVfYrMi2P7OLE/0knl9BudWvaFdh0wiBVRfkQy3M9GdjCoXIYWN4T6lJnNX3dKjk6bJvX6rpjq6DRR/kRJ3gIv+9fGgt8BY8ey9hin16YJGeGbkpY7G+aa6v15M0o26aNBZ2Z/6h+y8rv89VBjGRjD8LbNeHZBSMC/TOi/REXSx3wFQqogp8vW+kFTvCY/fO1LExkidLoF6Jz3tENaFnPDSGPtFTEcqi5xCUcSWo5VHtvSRoPjSovLv835y0v4rHMpGv3pq4U+q7nML4dWVDRInvQDWGfJMK0DQBzKDFDZObYikEMzwh8pTUr86eVng+BYDjh06k8Xdn7pWk7m7eY/sbKmyra7Ofsz5z9RFOJu7jEuuVrgD1mqD0B+HFVwxbdGZCNArj3ksc23kDM+v440ydn3aoDG2jmhw5kMRVKF1d0Vok8GKVgoMjtprCdYsanvAekTn34/vfMbDRhJ7hc9ERbH+y8SAeLU/Lfw+Gv5/Yej9TpdFkgcE/o8Bs7PEn4l/og7hMCKynk+iC6BI/I4QJ0d+qJYwcgGRgXXhcaeuAG3xvkRo6Wr0bwZXHapAffCkqf4ePVUr7d4cT78PIhy10aWMSi42K8fvLuvqRUx4R4SenBYYsEjM/BLHKcLfd43QlmxxN7Ust8rg6AHZyQpAxLRfC+ufaHMkxChjHuRL4mixYOaIEOr5nl7IA1LrwCKHSCqkDISLrJooWrCj4sJyOFcHIPmnX1Ii6VyBMgrK7dl+xf6lG+xGDsFi14AC/Rm5p07OoKx7GmpByjz888mcbZyDlU+5dKhgP2tlEKrFRWKk7loU1cOgYZkHhDU4HxQQxlmFI5YE/htI0uFZf5jRcBDheQ+RxGPKhaWHBZfXhwiUj4A3BGFPrIiPbm3dbeECQlaLTY8UOld++MycfMWeEnvJd+fxqyHuDNP1f7ZaAfD70XQFiRlOwuQ9/1rh4X0G5HRgdCGf8dcEoONULOyObQITTw8BxKC0i/a/mVqC9NGoSrE/7CRzNDt9eEv/2uXOaM+N1rxE+0TGOa9V69X5nPCJYRvyJNFkop+9283o4DQLvJxYomgRqwp+3yLB09ojt5+HJeWyv1OfTLpC5kvEOflBgLf9nrtSI8PGHO+mENAuAVVNH3SLP1RAbE7qFi8ksoKOYl+Jw4jZGMby9zf/uyzRH8mb3S5mwZ+dw1T4iHD7bMUZ5MKGro8dUzWoC+64Hszh19SItiiSafdUgL7KaTKBT9AWbN5Utuv2OZ81re396+v5iel5sR12uOdDlKtYSF102eJA/VFuEjv7uNCkKuG9sVm8UoO5xIoPErgPzRfawkA+2cvI/zTuwRGWaKCAAAP73xN91x++jP9Hwe4k3vCRAGyLZ8OoNLXUU93p9qbaKZLRF5cgvaxOSH+woQHyRkEIyIG04KACAgAF6GHaiuqJ8FyzZa42F+AFVWJQH/BbAZsFNH2VaaIuRi9FARibZZkE0lg1sIAAAAAAbBuajEl8MD1PHhM43AouqAn875GsHePXaazQFYNwkmhfg3PJvMZdgvoQ4YuPdaoPGtR7SmQYM15oFypNCEJTi4LqpI+2oMPaA5wGAaBsOU4697hCh7I9U6mYSnnLbXDSIHGmGVOZGEL+KNLVvMLG1QmWEHKIzL4WT96SggBzgdS1OdfplxAfmT/QbCaDZBNOk1wc2AoxST5xq/+QZiUXoNdBIBmp5Dht04NHTmjgGFYpxhf8/EWlUGyON/PSv3bvQtNo1pR90MbuLEwbYiNZsxF7Sv9sgdhvldaMvUWXa1LQjLDQNEgKLZ0QjZrc4cqGNm8SWG8vL5nHeEByQJCynWotqAEQeCx0orDSnyWzeegNPa8J6/aQOnimyyhS8+wvhOQnGNX/bL3Q/kZ9l3+cnIDT4Q0dA3qDxHO9lh0H+vunhbLsjwJBVYwHMKESrUtffvKddkG8pOQ3NtfUs4e304UauWFdQ8H5wK9yAfVUICyYjW/JKjj7eSuFTWUcsinydHZaCDMBq9Y8ymBdssllX7HhsRxpl2YjwSdYrJlQxy0mc15JJpzLydofY7qW31dfGXV4nkxIBO/+0dQ70OWXZgDAjJxsHWtw0CyAzlfRX8NYZau5OOFumnmKhH2kG5YNTUeKo994AB2OkLfAGDPQZWgG1AzCHbYEoD9HV7o4t6NRylpbxIFh133D0fc4jbVWsJ5UvE26HB7JK+zAzu0/j3ErcsJyiwuOG9WYE6m4ji5ix/lZJ5poRld3zEq0QgI/x0igMhwMXB+UzAlmxr41kAbFuScTQ4BiqpQakEw7tnfFSuoxIwX3x2wunPSSh/Stesolpri3gKHffa856SavgJfA6kvvxlkMwyijjlalQAIIzMttsI1DtwCqfb2K79CXAtnsBQsosVN047KdRBrCi4ERhFNIMujt+6SGk3TEUKSdjHCilTUioUN8lQ6yaKyFo83xRo4kv/f0aa8CiP12UYxko2lgLKwrGKzbpFehUXfWVy24KP83XDkuoBrlQHlI+zlnUK3a2icBfIDNUYdU3vQR3TfnpFyOPBmubA2fS18H812PQxFPOcwvxS0ntB2i1nqneJeoxkjSx0m+w1InUjVrc0SmJfb79RifiMgPsAvm0rZtIResoDTRI/hXwpdNg1IX/nJFpLzewcbUPZHcyW4Ck5TQR6tMqeMq7YsB6ASlL8wbHl5UnM5VwFTMHApOKZp2DNqJSNtT5sfAaoD3UaXIMQg08aJMTPTHqw05+Sh/tkKz7MuHvBg0hCwJDg3/Vxh3I8LS4nSS7jnCyI2nvXknRDo/gJ61GJt+LCWnTuQKNN34GKhs1hKfmepUyY79Zdaf1e6UgvtvLrsPUu9/PPbfl5h052ZFQH1s1/UPQBFrDRaU6DxDW/14x8vl/E+ci2u5RXTdTJtqsbOBRmmqEZ4axEeqHzXQXRJy0eBhiYGuTanM5eMAgytnN+F9NUv6DLsQyDsNAIbCwHhNDi3e6sUBSbZPF5BeLu7fcJ0CEbFtHIuuBx/y4eDMDQ7CYVaJQ71avzKGZbHyJMTZOfwsZ2BQ2YoY9pA+HBVyVIaUF9nxwzD8AzzMEyQaveR1ZFF2nMpiN77ZKterqyB7Ol9i3h2NsKr7KvB6ZYLxqLHpqVkDPc0IlErtoq/GVagMq0k+Ul3M++dE2M6c5UVy8DrWDLt/njQOIqrj8GeSBN/c7rqdHsDF8iERtMvjF4ZEkLkCrNxBB0QHOGoaEAVfpV6LFdPbjQJr8CDn1zZ3jmmQK6sl8SO1+PQXzF7DhcuHocE9TdGb5hKHXHluM/GCk/cPiT4HoLVfFqJ1z81XCCF+ZaXv/OqlFGTk/WBhMOkmW/m2lqpAChEL6xyITC/rrnuDNHEbpf5DlYT5HrxAmhilqipR+FcOwVhRD75BYRJDZ9Jh0rZcKk3iRRX9E9xbuI+WycuSRo+dNUnjNYadgRVfn2wXdUT86zPtqmtKk8bFLoJiQ8XMicaL+IShYlraSJCG6OzuVTcEQlFWwMSSijgg9QI++VNlTPypGFCJCnibpp/990SaPK75em85BfHtkWf/BYhVTr9MLmWVOWLMurIp9oesmxMVVpebZW1WrR8MxH53MEk9qIJtxIoLOX0+gv6NW9uwHjyaWknPN1dBb9FEEQt4jHYfnVj1kNhLaS0Z8JMyBAAAEBYPN3peg7aKYoPp5lBFW+42xYXXQJfpXwAfmaDEY0PA2zVRniafcUGWDvtWEuf+xDkX6q24EOOHVpj/TKmHL+RVofSQQK2WDksaSIyzisQOsX8rDof6X7qLKPX0qY2CCwY0Bsvnp3Cjgk4yqplKdS7yzofDp0ZUmc5fcTspJinsc+hx5jDNEIcUP/w7C9P3vshYcBwHe00/sASlt90Dn3CLVVhqs57FLMOVqOog+yTGfmn+5RbokUYlTdjmDIFycytWkbgI9j3twI6DolphTLREfbM8AI+nz9u9O3vW22HD0O+WGXwnz6JUgvmtB/eHxyfwluVUhzHa95GVk17vdVNBPq1LG3cHCf+SLjiOdr1BsJHxlPoYfoZiDMLe9vFdcAKEFYyO8nIRShwk+T2ufoLBCkmCCYrX4Bw+YZFV06XBZ4Z9+K5MCfAWxBrlXxVT0RJBveqlBP/5wPxImkwQ8/A9hi5fUJdylj7YWSXrpUuNEjpli6L9QXqZuMYy/ii22DpuYFljP/7aT9nPAMeDNGmDGu1FR7P3fQ9ilwUtGDGJh2t6JBeV1UDui2pMseZqiASHL2fq4/LFdcGV7spEEqEUEDt2HKZwxBl988TVZdb7akkJGTK8O7Bw9SVPpDWSo8gNKffiQna23iTcPTj47lMvLWgAVDNzh0YICiB0OGt0Ee6rw2yOxjuwGnF5rygLAqm86QJmn9qNE4qzwl1kzUZCzfs1w6rwO0aXNdHmCn1R7+ofbyMNFfvOlcdeMq9DJWvd5xYrXSKFXbpQsIU91IZD8SeGWVx3Q0MOKYNPxK3gPXFUq/DEnhQJHgwwEtlr39V8WsQfXkQ9eBPAVA2y+Mvw7oQW7LFcedUx/I+n3Gxozh+68Ye3A724q3gkF78wrXLQN9P7YiuEBl24t0M+iGNjYIy5peV/xar28wiAd32vaM1auxoOeGu7HxrnVQGgWOSA9FntxcT2B8BvRtcfJnoRwuB/7Vf4rOBNES2jG703w9YN7N813C8o+dOoCsMiaS4FN0KbM0OAOCSG4EQtub4eB7UWLGciRWHMAi4LYdXqxDxlIzWAd53HmCA3mQv/8ZOgQBJnF7zBTec9G1LlMubw4W5dAdMiSdMZJZFzYD9Slkwl4r4wDgXyiy5qMwLd2l54ySYPF2NH7U8EorB5zk7mTQXY3fx6W44QxR44b+hKYWOpNkKdB2YdV0s7JsyEbcdM5zXB/3UkJS6GV18yl+F69xRfUyqWt4Cv1vNE1p0dJTo9uljZr0qyPgzs3WTjHiXunY4vIEUbGpEpzC2WRQxt194/+Ll+KLZyo6BacrZ3SLcxTetUJ6e9l/tBPpd6Uy4F07zhZTlUiCxnwljGBXViTfBH1kaafaalK57mF93O++NFE7PzIos5r7GL/asHZZ3/zm3drq3FPfem/jilHWvO4keePzXDtEzo/mi1Xatv1zOsjhWpaUhG90bZX6xeJn61UPmstOpZvE7fLXYHuvLmmK5Qbz0YTELuWbC8SeS+FCdXYgyXHuFQYhxcAZDMsz8s5rTt+k51XismaHGadCiQL8K9o5QS5kDumqudU5SFJTxtJ7NWE6cWWAHPTkq4OQeM3wQhwj0PiVXeQ8ugahCvySJ6GchF7QDkq8/fO41PaNULueqk4QWtFgG/9nhjckrhVSoEZyHqMfXf5k5PdCoOPduTWDkG/IHY4pXHM5/rjC/6ynzxNRrb/F2V/U89ISdkRZhAjTJTGmrdqYtA7LXLbAXd0CYzFacIvKKCWt4mUTKQ0oSrdTHZkHfTXgJmpD9a95U/cU1gPkluFcJ6VrnA1YmAuh8X/iOifEcaL3JMt5cCyFNFEy/8EtsMDJ9TllQZMC5FoDZ27lc7oCrxreStGENcM6JDnW/Q915NEr2bHgR+Qi88rDQfmuzJKndMUx0UhS2EH8Qx+DhvqSdB07CW1lvPRflw8sFl8Nr5fp6HTgpq0rcf2AAFpP7bXo2cRJbW62MkuKVIMhiOyexi2RRzfMhN1f8dRhDL5P7z797HAqe+7UcE7baKi0FC1dISw0veewiHvTapv3KhBCPnPpMVbnSgU6h+uot4L/dcjKGWzlLtvv1XrYr4QKVN4XX7krHr57BDWKma0v6SPTkO1tInQtjyfxVO7XAJfKARx5riKIxufDhBzPHp1ZdWs2SR+g/qIN/p2fldSp7TsIBlIHYRssC87z2dDxHl78nhw2uPDLcUDT7tcOubtjDzLZaKxrne6yYB4UHzK+5gOfpOFWHmDyRBKlTZeVGnYgc1+Rvdou+1EPNdId+1M5OCC8mYMLl17Wodxn9gnG4dK4Xrr3N5OWM2EAOwbdh1wLsuddfLWvfvtmsYKEHMgNeu4ivvx/wolNBSctaLw5MNM7axv8pMS/2ytGYMryO+62fOUuDalKDU7EToOKf5HNy1vhAdBXg47qw89Rz1R75M+CY1zois6Up0e90/W0NOIQZ/Zfj/oTMtT/UeJue3G6HJH2JqMKVMBB3HZO2xQybUJDreR3125awVZ1u+NFGDGnxOIAltaVoTnw1tSJrA4euA07FYBsvDYSBv1NM2gEHtIS/t3pK+VE58OVw321ITwJStgV/kFMtMTmGb24f6zV+M2qaf89p87qp5rX10ygUgZkbL7jZWjZs9M1onU5zHfj58M9NjDSij+0ZrEcilEpXMsleQ/0xtj65bmyPFvQdrryRHFL2f6J7maXpExJODZayPwLN/Z03I3T43h50BMqSPqpm0FJTZd2RV78gd8onk9qH7b8LB53SmhmuuwFyCYF3bqInQ/u6DHFwhzoI8FfkqVEzYpmnROF1Y6bIOFeGyXLHGf9Jp4YSIdxxLzVq+bX70/MO5zM0Q13GqSYcTeU1h/ezMjCdaEHjM/4eNb8BOm2pKF/gkw80NC9NeCILwmpRjW0Z9q90Ty9OAZ+5a2hvfifL1aVmzSgpeMYcrXjQJ+y5OZdwRX9ToAUphreH/W2Lnq49appByTmEuf6PMmknL6/YklPMkb/uwP80S9JK+cPywXnMLYMJHbMdwosqdBnOSCCa+b8POY4NIQ31bB9SKjzIpmCfZjQhPMj6pJuVz72F+dhZmeOBJM7CSBwvHQsPTtjE9yCMvwz+cbUaw2RH6VWMPWusUZdBomjndIY5WUVxyYzEI6cAORnDYc3IvfelUuU/5S0DnUvSpTJOi1GPPuWSNgn3PhEaqomh6OKS3zVurXhe3dgqrzG5BX4azdVs/6kLgZl1cGtJj4QdLYdxWIGUBLkBRyrPI/3FvNak0wu69XEHr/m0euJOSHuDiEn7Ze3Q/5R8gYuecirRSQtpyoJ5zc6hQRdDj/Avws7hx7Oh1srqLo1xoj8jtL+7I4y2hPI/E/NU70POtnqne6QycsvBASDEVz3zblg/cLRSIa2nZaCPg1eAYUd5HvUckZdRbqOtc7AAcr5Qh66Co/UleWiTObdpm7zhH0nXcZ7Y2MzkY80R7NmABGG0QSPcx9RHMprNeDjB8rJdf5yzYLt8xehjxphzTyJT5OlrBlkv8h9ylySZZkBtX46gkCuhG0BrnuhKoUHbvyCSnxm+RwwVKsTBQhqRSrPIMS684prC7WkESxKHItyDasTA/dH9qNm5OQ9memVGP4qFXGNk4SpkaRag2oH4gp7BF7umxhJ/02i4HcA+ukqTf8u3dMv4tS7CWi1QhlNQU0AXjT+dX/g+4q+n7B6dfZbPjhogq4Es0nULIy5CoI1+xmTDbKK3VYR3snj1QkV3rx7GwkUe7lGQS0jrMsZa4wTvgxUVYLbcKN8FzFGbIlA5qtyEmM4QFAuzL4jPQOPZ/ATEILx5wS7BgDm2jP74xwb18s/FYNBFfspNlxTiiuscyJuPx1Mr7nd7pYZ47Y4BtjX/dPuCW6T3R+joXZMmEtZwL+4Bnhw9LWiyBimIFW4Y7KbHa5T1o9BnT2/gnNXaIDfq6CZjffybxntP8bJl/+0/7yn6OhltKr+qYDGa/QAqBdWL4hbGzs/8QsIqLadVeEHMbFWx/uAHlL9BS8G/1fZ+Z41phpx5rSQaO2NuJdplLVpCBCDwGHq5hXxAUcMDr9FCTSReGJ8S1NBgmUX2dW/zn2xZIkEhzHLZCgo0da8jKeBPg3yL2ECShBhneI2J6G1TTYXgOIn7aomiQcHs/lGPj6mGwhcfqj4kE2f4ol35132MpG7BGIYK1toxab/uuZRDCJChkAyPH8piwyahza6CzGdcVgQkF+ORInAe4ANUZJ/ayF/feub5+Q3gl216l7PqzuAr1JesVC18ISya8NgL83mkUVybv40c45zKM5APbKWUa/gvJkhJCewWmCyQoKg1JSQOFGUOMjgouwGiX/smC6sNCkusG17ry0mvi2GztJ3PidTG6QKCHNoOQl+RxH5G/p9/F++GeNGC8Upq4Vv87re4AY4WGXxludXSFK7fSUHj1v3YZ89aaxlhiU/udYy77qboafz7f+w+j0wRAUZKimtFFftI5csWYVM1WGLiOuvwcQ54XSg04QVjW+Dq3a7+ZVzz0vOsxAYHt7gABBOahCaR40m8E5Iu9rPFPSzCC1JrUGwz6EAbhU3Tcs8eUq2ef17n+xNrSenw5AzCSSVeI4GqRshXVb/5qBy2DecqGRr02HJBKHTH1LJEXeYHeWauu24/q8GvGdJZgVbPVdtKftI0/zLoONHxhO5bWVlHkEunDiL6u3pvepDdgdv95odMzI1SHLuQ5YkIH8cYgj99MqZvI3wg6lMbmcXabsd6YXs+k+rT8Mnku9Dx72bOpK51pDQ4q0rmCKCwNkv+44eY72MJ6jInmva1ihmJAKIRDVbSjOx0hXjmzzqEVUsfD2lT2WFe3dFOKFmx2whHCKq+mCotCogaYes8s80XEWqnmkWfLqnGewd6Cg/Z9ZFuqSz41r8cayUhpu9GONmNPlYm038TGBEyGUV8gWF1zALLtSwoJ5N0TTs9Z5JIGGk6z0YUhZPvV5UFQaAhW91wzSnUSSCpuRd18pAV+nfe3OT254eDwSCW11ZpFi1RPWa3nOIqzhhKhmO9waNRMjL6/tFGDXKFX6uKDsHzGHbEPp5xpCuszIXv2qjDjR/mkwccTxPOitvtMhluETmT59sOTpwJP4WoeJT1e495HP040gjPjo/u5bO+Rl53S+TfJ/WG5h4KHPw5DoQvlPHf2+GLWXMgEqD14kzy55a0NnPhXBgidOyuVoadQKulVZbsH10C1V0TiJwYS6sZPgfpR73hk/Os7cj/ibqaN/J+64pCUfGLQgrz576PM+TP5bFf/Rx4mtQ6Mx1Vxndkz/wZqs7BjtvJf5+Tzxw+mGf219vYEZYkrJGg8LBk8LfkVLQQ2JSoMVmykxPJ3c7VG3pCOn7jdfwFUI4szE4P0f3YCBOzj3pzUNGS2UzNws3VULITLkleUJ7KHPdsNwmeN9qm8qCj8agNZPaMJdoqcD4V1COHD/MQO0sVNUpVRdeDVZ/hGuW+5sC5NU8ooOyLcQwHwJHtZrnO6PDxtdFISx9vnSd6d0nz+oJUon+/k/vRLTFCVVQxFQfL27vbjfO8KVQ9n2e1sVdjJV7pDPFRDenT7tTgnM1n4S8LkpJAcf0BqON0votzKqi2TbBpQasFTosf0hJGf++y+0E7P27WZ68VAAPW9eqibVUfC7T5gCf5zTBfECR2IhFw4U28r5oM3ediHU+n7u3g5G/jn7nv0C8SOSKr6NgnpjTaSBXbwDPhZk87e2zTbp7glZdmeOTTQZ/QPvQ2FWnnXmbYlGdkW7tTcQyNnjouRC5Z1sJfgLtn8RyjbfI9TkCUT6Qv3KLSDf0YkysiThXQQ1iqOvUIDfWi9gqoMgSD7Owm8hgZaRz2OFgnpsMJF3Dq+N0qpVqzDEWc8fOggYVuQ7F3he69auOe9p69rEoenEf004Pk3ZMbvg9DTI1bsSzGVHHAGJ38X3f3LX9yxaLhK5eTNQ1rJNLVhU6/pHVObHYLsQcpHpk/ru2BR/u2TdTRN3IK4GlXJksO9tVh04ZsNaFmTtdSZ9HM1LC52Zxh+ptAriB7PbGKxtE3RuStTMPe8Bm3Lg+6Anxw4hIai/BlfQKiqMvqR/6Rfq+9/czfAkctOnEam0n25MnPt5VO23IW+oGe7cNWVcF/WepXprP6s3zkY0Edftzf5Uvzq40bk6qw8IqzKMlGxsJA8WgEUVVb+NDxKlF7NpB6a+D6d8YMp0EQhRTlqa5vYQ+tExN0rIjbRMdEluCV9Ylif69+t0ufMp8mXdWbO1MVl71N6BLEH825p3IFBxKMWK/4N9ivyGiNjPc7FaQGPRjn/Fv74kUEjHtDzI1N9u+vHgFpj9crYQRydlk4I/Vz4jHbRLYaR+ZWHR5sePIAUadBbybN6URfgJ+/KOlHDGxbem13LF28nfcyj1j6Es4Ijt/O5tZyjKCNMWqE4VtaIFwJws/ibcMQFy3zGSpmRSuGxhmGARhi/kSe1QLYu8gqVk+qMpltXeYSCF9VQZ0190hRgIDcmmqLFDrJfzKqfyEKwgFQ781zRGJE2KR6ECIeOncPHkUxotnZMyAFQ+/U1ceSXEIYrrydHCvfHKezLmmXXdVSOrCMJbn/KJfImQD18BRdu+SAzOm4ZEQgJX58iBApn4eFmRURywiLEulfp+yoiCZAmb4ohNPIxeWgK2WBmM+QTZHzIPakY/Vd/AWjLDMP5HYzX8hdReMfWAoeNeKI2MpB2KqtJm5Q+Ki6ulHhO6wV+Ur/f9awIwGFtl3klCz0pv+wtoKM6yRp40gQOP1Zy6vfpQRtlsJm+GUUakMS70K50zEObQ7clSUr6EF8+4DArrJ0cNwMXCXK8MxS4Jgvt8nvYAuko/mYNwUjVsUuADFLSW/xoJ2SjlxdHK55cSvHwM9cbNwA2SAp+p/4zFfwizZmRr5e4cnxBLTt8gcJzpTdlpghyHl7aLVmLR1D05b+xSKfzUkewb6V+N/GpVDe5qs37651Jdz19wMabhOacOrzFW35sgrkOd74fejM1RS1v+bOHkh8RfVN6DTF2XosIussvBOHMNbJO6NuJMYDeLLMMhQfDKkOk7U94HqBvFn7bvm/N9g8gLdlgPWfFKLabbTJVqeRKNfBuT0FsTjbgfoQEVK/65kLDduGjXcAE7DkXhWcX9G68w1xMOf+nk+5XyNHlnXK4JRbuDnxCcwxI22fSoMVya4bRqZTdrP5kF6jPLMOtUNW1SWK4ZwTo1ExCd0VHW9+d9Bzzo4OcZBfuNFfaeljnrJS4pRAX8gYT8LeNPkyUxXLz1L3H1IGq+jchdZeEqOiOMGTiaAJjVYmaQuNs6feTWJkOrhC2wxJoLVF7X7QoIt+A9kXV1d8j2uNbHAkl8Lxaeae4bUc667SXM024FZMlucjwU6TGEaZvLD50NXcFMX29lncn+bgbRnsnPheEDY7hV9H0fNjQ8cclYch/0mgZJnc036+qxtSC5TLEQX4a3mQqzsmd28CdWDEzERDK5CRG9WVKmnnJBT9CPNGfwx0L5zBctebcrJFeJoD9E/JisxEwE75fTkOdPgb2jpPlTUyi6hZ7tUOFO9B5eRizWxesISYNEZ6rDiG3NPQvjASafi/AYrLLpq+SNLklnqeLwqbitmGxVM75lYJ3pTT8yLW8jWfISXtKSOweAGQo3MqMFgDATXi4GNChTYcV4ONAbr2XXEhQ7+hcQhNaD0CQqngGiz8QRNZPG2pUrM9RSm3MMnmot1EPQ2ovyOJBT3F/vPPoaG1Wve3frOMXYJNe+lldPMs+qBDaCy2DwuIpxThpaidQCe5wgTXgLK3znMihTaRWd5DYGAmz7MUcJqEm1I0U+X7K2pVf22hw7QICamZnr0oUmR5AlP8rT461F5uEPCzAaSLLhTpSmQPOC47awtFjcQOhTpUQwG+ez6UIUU7q4hEZNKzTPkJuolWNo6hcKWb5R6w8EQ6kiO38UnbEe/vIo+M0VtAZj2kHGbxCRLN2khpYD6IJNZElOG/b/1lgF4shdZdF0J8BFoSLqtldXFENThFhycns59PmUibgCHG+iyZgUhLafAhQiPC6bPBMqog2OSz7e/bCaHLb6Ka/mIJBrvd/h+s5Z4bXsibArisPOzACP4z5sjCiVZ6yJs6743FVvSFNtzVgV+O1mSh3IgZNXlSAyCKj1EuM8Ix8/y2aMKIIdxWimGKmHpSzHds7BWuMGkWZ8/8kztwvnueHM34Lj8dGC4PVMZyp17JbgsuSwNqw9u/SoTTthJzFcrkk6QQLfJ6xyX+Z7JMRiYtOsrwHp4UG0ejQjhtDVI1N/cDyDPeWxR/6S8FUvUN65P3g1MuqdRjiPW863eQJE4RRMSghXmJjGDsZN/vihaaiKNuN0qHFo8gvVBVgKRSzTwgcNAiPpteiUROHxCWXyT9pOfjFVY/Gy20wqdWCnC8dWYsm/8b+pAjkHAYhHuQAxidsWD1i1e1qvZ/fBSSHT+fSUVRXWxOIhPfXm7w9/shN3PNwkhPVZFXRTw9rSeAgkKhp6qwBE/AGTEEBleWmYfjf9b2YNm+WsRzDeK7dx6cjN741agrU6jcuA5NaS2LVDC9+i4T2VIKJZkHrtFHpy2fQOqh1VI3qokKQBJqyXafZjELwkTser01yQ8Fu3xfn7wMa/zVTpy1X+lEdGSJGICzWbjLKkSY4doBwz38XqoUNy+6xwZ9ud4L6SYmCGrnn8FveprEjQ2D5OuFJnSPBLeGjM6lffJqJ8vMVMJ6k/Qod4I7bAPLXE8i2zaTHlxyNvBA6DsdnPdklvVow2jyJM5Pbl6woZjFTOLv+PdghP+m5uAGkHHBYaN1scxe5KIDWc4Nnb1Q8Jwvaw/Eld+Rsi/vuaaj8Mc/TfCexCDE7sJndZCEpD57ZFcBWcD/u1iBM32jdehuc9ALhPgVlyZNY4JCTYdi6Gj1DSRQV2j6yw0VBAFmHpcC6qtOqNGvksVYSZVp+ECo6YzVcm1GKgF1+i2am0Fkl2x7quQUUMCjruh2b1Jr7r+ss53aHcxd4nrGfoYwgBnDFbk33CY2geDrv90SH/qB8IXkBNzk/PdGYbliu9jcASVZHraW/yrWUcfYMpEtnGPajraApzCBWmW3dnPVZAe9xaOWvQReizrrFyQcL3Xw6NK1JjnaXB4rnQtyHWIBWBmApFvt74YoOBaRcKVZ68qdDyApmehB6OySBPotJpCnTHdv45wJWkq7knGlIAzTFb0CX1DHLHZ6OWnDsMMT9yk8Z6k6Q5X5VtVtfZ9pMNY8KWbA37pyl6eC8qn+KSjdYnw+6FNI2kZocP71xYfylsX7WpKxolP4J/fOyizX4YUrm0osyy5PrmAyD+cgzMs/CcShHJL1nLoRnXu/7tufF8ZUTxZK660706u0UdhDYkGkw4YjGab0bY089R96u2pj3DNWGDLYMCTsT39SXelyv9MumoYfJ0zMOIG6RhddIusf4pQBJ+2/bDJIGCO4ywSYCfx1/Mkb0TGjn/jwjwaCK6idcXAGPQ8QUol+wT2qexRYTH7c/25Yf4UwUeDzzVlEs2G4OyLtah0eASoBD7+d4e0Ktzg6IUcJAB9tNcDt5jytt4HEK1iCpvtxV5NcidTtjwsPucuJVWTrVFNqnWyKcMRQkgT67Hy416bSWDH9SHe8Sp8/F5TaFv8sC1sXVbVwLmai2amBrCww6xzdj3sj4kSYRMMhoDzE9TE9xuqlrR/hlTffhbmnK162cI8x/7hl+o8sKYW9U9SEGgAZ1Q/8NgOcYIPPqYCAC+xAPcNxqSKfbdf7ZPXdI5q0qKTEBB6cEdcfhew6+yrrf0SMtF8hTh12dUmDug4/UGKG4PwKJqFlm+muOXnxdK3Sj3xCfgSDW+s54yrkSCnJMPr2N5Fl9ZaLu2JRohWs+R9sWeNTvWui6dnFng0FMuOGUdRbdmwk9GM5chfLgRph0XU/6JcShpaU97qCFXQI9Hvqf5tRm5F3Swqx880dr2A6B40nOAlSDelAlth90Crejz6K9AqSmU1Co2f8CvD0Y2UCdIQeXUqDoY4o9Pj/gFy216aOMz0zODiZMkPTzA7EEIMmHNQRUX5PVt/5gWw4sumt6B7wYpRmxt9DX0OMF2S/CmqXcN2/XSdYtMo1DIUPTCFzwBLVrvG4KOsYFy6m+Ss/vXfMTkg+yPB+j8peLAPv8MD9HUFrn9bMVtdWQir+yrELCS1S3Eis+tR2x60Fjn98V3RWRDG5XF4yZaM9hTm564xQk+kPElnKm6LxnTb01GEz8alwdEfBFCUzpac6BICmZzWD5Ix6JoGasfpvMU/KyUDWcyHO3qYNRM1s37IZMyclEzgqMN2PWEjhFm7pnbEEwnBsE8tITtZxToaLw3NEZ06tc+JGmRqjY22FGFSzIooEtTUZs9EQ4dHNglDKH2Q3XZIhNTc92/rMcII2RUOsaHxQezJ7ji43ttzqaf6xo5E225hTGQG2xOH4ebjO1Ond4+QQlDg0DmJfqos4H3WBDMt1Lhidn8yh/DRmb+4NUbT5PM95L29OpgzJ60ydW24FwhWmEbI/ltlGx1IceEd5rCCfZSD2OJCnoYnyEFBq1rSzodJvqEDGL/M0dVsQEg5jQTwu/RbD6n5ZH1Qy3amKuDS74JBTpVpj7wu46Ujk1UMJAZyYqN0BEADmObj0Wxb+Vn6uqg65Jn/PqyEHvzGxrKkIV1U0NvgS5yZwSK64KlnP/Dheq/+3u2SK9GSm6hr3HQLSScXufeBxlRXR1esZJABBVpPjHlTGwnuE/wPDNHybohD9QHISc353SIQ8u8a/sCzilQ+0xRcgYJ7gXwTc/OAcUNuvYwDTFYWJOz1dkxYZ2d3dlr9N2WrOV6x7tDwM2HOWWVgjV5dkjA3rkcRkumTb9rrHpGafcm1p/T3scNphscuI6XsVt2lW7cqr4xM2t2LHDGQsSKgCdZpdqgSE9PY40voqhv5NE0F+kV/chexl3fLA1BeiAvpFDWJHnVD4cKxLpA5wWR/o51ZTc/mQYRRbgZkY3s4dETge/sG3nQG2aaoqeJtkmIl0Bm9Jyvg4J15mwNvp2/yTmTKXa7BN2Vp3zTsKqe1k5JZWGUVZul0RtE+sd5FXHqz3oz5rSAomXOBh7zJK8BfAak+/1CogaSkJZaFSbI6K2Hec4uCmkDxIisEPzzFQ+1pAohvVfbV44NHSotBoOHra7elUpi6eZuQa5npryvILQ44+zLkcOevleh6G6I2fEbzTkZg1HpMWDM7yef8dFJDHDT2WrDCWapzsi3Qfm6ZAsWY4eBuBnaXc0BW9i4SWwbaPMPPD89aHw6aPEviX0rvOT1PDMTzxke4G2ppoMQc8Mr/Z1fwBENplcqYaGoawPjD7UPjcWtNfk23JEQU8Q6MgHGB1+7KhsVmqhOYyTGe3gv+lU8traOA5Rs/4Md1SSvo5Uz6LZ6C43g5UELPNmbVU1dMXhCkABvDuhIwijzQBC0uJBkBXb4VF3RpUkSMZKG1QPNTeEn0nVrbRlfYwWaKa3KOJz/XagL8UVufw2U8TVvrldXZEFMr9hnyXBfXlJsZUsxrJnJFkhAB+nh+o+LRtpbT4ovZW8IWIoUUhjh/s1EuBJ93GUOpjEC0dJYZ8DJMoc1B7gvU0ThgYEgAAWrCkWGW3Co3fwdbeN9hc4NGEQSjLMG5CX3QvrTULAFpyXhYs5dpTZq+KlYi9J/+I+9tvjb0XEB99SiUMaYokeCAAVbLc1heb4GzEPcZnJWVOd4hRUVVo6Qt3Ed8ItYVy6Q3zO3nuaLgehmQVfJAAAAAFBTQUlOAAAAOEJJTQPtAAAAAAAQAJAAAAABAAEAkAAAAAEAAThCSU0EKAAAAAAADAAAAAI/8AAAAAAAADhCSU0EQwAAAAAADlBiZVcBEAAGAEsAAAAA"
verizon.com,"data:image/svg+xml;utf8,<svg focusable=""false"" height=""18"" viewbox=""0 0 18 18"" width=""18"" xmlns=""http://www.w3.org/2000/svg"">
<path d=""M17.896 17.101l-5.995-5.994A6.721 6.721 0 0 0 13.5 6.75a6.75 6.75 0 1 0-6.75 6.75c1.661 0 3.18-.603 4.356-1.598l5.995 5.995.795-.796zM6.75 12.375A5.63 5.63 0 0 1 1.125 6.75 5.63 5.63 0 0 1 6.75 1.125a5.63 5.63 0 0 1 5.625 5.625 5.63 5.63 0 0 1-5.625 5.625z"" fill=""#000"" fillrule=""nonzero"">
</path>
</svg>"
aol.com,https://s.aolcdn.com/caas-assets-production/assets/v1/images/icons/aol.svg
shareasale.com,"https://website-assets.awin.com/awin/image/upload/q_auto,f_auto/v1745845612/2025/ShareASale.png"
whitepages.com,https://whitepages.com/static/images/svg/bookmark-selected.svg
dish.com,https://dish.com/content/dam/dish/navelements/dishLogo.svg
att.com,"data:image/svg+xml;utf8,<svg c-id=""8.3.3.0"" fill=""none"" height=""28"" viewbox=""0 0 98 32"" width=""85.75"" xmlns=""http://www.w3.org/2000/svg""><path c-id=""8.4.4.0"" d=""M61.519 25.6155C61.8301 25.6155 62.0465 25.3995 62.0465 25.0882V9.63465H67.293C67.6043 9.63465 67.8199 9.41931 67.8199 9.10753V6.9762C67.8199 6.6642 67.6043 6.44842 67.293 6.44842H53.3245C53.013 6.44842 52.7979 6.6642 52.7979 6.9762V9.10753C52.7979 9.41931 53.013 9.63465 53.3245 9.63465H58.5714V25.0882C58.5714 25.3995 58.7876 25.6155 59.0981 25.6155H61.519ZM85.4281 24.9449C85.7399 25.2804 85.5483 25.6155 85.1639 25.6155H82.1219C81.7145 25.6155 81.4983 25.5198 81.2347 25.2078L79.4145 23.1962C78.1932 24.8253 76.4907 26.0469 73.6643 26.0469C70.1663 26.0469 67.411 23.9389 67.411 20.3211C67.411 17.5413 68.8965 16.056 71.1485 14.8102C70.0467 13.54 69.5434 12.1986 69.5434 11.0251C69.5434 8.05331 71.6279 6.01709 74.7661 6.01709C77.977 6.01709 79.9412 7.91065 79.9412 10.7135C79.9412 13.1086 78.2165 14.45 76.3952 15.4571L79.0787 18.3566L80.5883 15.7202C80.7799 15.4091 80.9956 15.2889 81.3787 15.2889H83.7023C84.0863 15.2889 84.3019 15.5535 84.0627 15.9602L81.3787 20.5595L85.4281 24.9449V24.9449ZM74.8141 8.98776C73.5687 8.98776 72.8499 9.77887 72.8499 10.8329C72.8499 11.6478 73.2805 12.3664 74.2632 13.4204C75.9639 12.4382 76.683 11.8395 76.683 10.7853C76.683 9.80265 76.0605 8.98776 74.8141 8.98776V8.98776ZM73.7365 23.0278C75.269 23.0278 76.2996 22.2855 77.1383 21.0158L73.2576 16.8464C71.7716 17.6855 70.8127 18.5233 70.8127 20.2009C70.8127 21.8544 72.1543 23.0278 73.7365 23.0278V23.0278ZM55.1265 24.992C55.2461 25.304 55.0545 25.6155 54.7192 25.6155H52.2274C51.8683 25.6155 51.6521 25.4482 51.5325 25.1118L50.119 21.0395H42.3812L40.9665 25.1118C40.847 25.4482 40.6312 25.6155 40.2721 25.6155H37.9243C37.6127 25.6155 37.397 25.304 37.5172 24.992L44.0096 6.92753C44.1299 6.59176 44.3454 6.44887 44.7041 6.44887H47.915C48.2741 6.44887 48.5132 6.59176 48.6334 6.92753L55.1265 24.992V24.992ZM49.0167 17.9009L46.2619 9.99442L43.4823 17.9009H49.0167ZM89.2134 25.6155C88.9021 25.6155 88.687 25.3995 88.687 25.0882V9.63465H83.4392C83.1274 9.63465 82.9123 9.41931 82.9123 9.10753V6.9762C82.9123 6.6642 83.1274 6.44842 83.4392 6.44842H97.4076C97.719 6.44842 97.9339 6.6642 97.9339 6.9762V9.10753C97.9339 9.41931 97.719 9.63465 97.4076 9.63465H92.1605V25.0882C92.1605 25.3995 91.9447 25.6155 91.6336 25.6155H89.2134V25.6155Z"" fill=""#13171B""></path><path c-id=""8.5.4.1"" d=""M24.1842 2.25578C21.7864 0.817778 19.0022 0 16.0002 0C12.9771 0 10.1089 0.846889 7.70244 2.32267C6.98111 2.76689 6.57444 3.12356 6.57444 3.58067C6.57444 4.93089 9.72733 6.38156 15.3207 6.38156C20.8558 6.38156 25.1489 4.79222 25.1489 3.262C25.1489 2.89711 24.8302 2.64133 24.1842 2.25578M26.5662 4.03333C26.6333 4.13822 26.6669 4.25133 26.6669 4.40222C26.6669 6.18022 21.2287 9.32489 12.5704 9.32489C6.20933 9.32489 5.01889 6.96422 5.01889 5.46289C5.01889 4.92622 5.22444 4.37711 5.67733 3.81978C5.70267 3.786 5.68133 3.77333 5.65222 3.79867C4.82622 4.49867 4.06711 5.28689 3.40067 6.13844C3.082 6.54089 2.88467 6.89733 2.88467 7.11089C2.88467 10.222 10.6833 12.4778 17.9749 12.4778C25.7442 12.4778 29.212 9.94111 29.212 7.71067C29.212 6.91378 28.902 6.44844 28.1091 5.54689C27.5936 4.96 27.1069 4.48222 26.5916 4.01222C26.5662 3.99156 26.5491 4.00822 26.5662 4.03333M1.54267 9.136C1.07378 10.0671 0.553778 11.6391 0.398667 12.4524C0.331111 12.8009 0.360444 12.9682 0.482222 13.2284C1.46378 15.3122 6.428 18.6458 18.0087 18.6458C25.0733 18.6458 30.562 16.9096 31.4509 13.7402C31.6144 13.1569 31.6231 12.5407 31.4131 11.7107C31.178 10.7836 30.738 9.70222 30.3651 8.94333C30.3527 8.918 30.3313 8.92222 30.3353 8.95133C30.4738 13.1069 18.8891 15.786 13.044 15.786C6.71267 15.786 1.43 13.262 1.43 10.0751C1.43 9.76911 1.49289 9.46311 1.57244 9.14444C1.58044 9.11533 1.55533 9.11067 1.54267 9.136M12.7842 22.4147C4.59578 22.4147 0.734 18.5996 0.0337778 15.9958C0.0251111 15.9576 0 15.9662 0 16C0 16.8762 0.088 18.008 0.239111 18.7587C0.310667 19.1236 0.608 19.698 1.044 20.1549C3.02711 22.2222 7.97067 25.1193 16.5322 25.1193C28.1971 25.1193 30.864 21.2327 31.4087 19.9538C31.7987 19.0398 32 17.3876 32 16C32 15.6642 31.9913 15.396 31.9789 15.132C31.9789 15.0898 31.9542 15.086 31.9456 15.1276C31.3627 18.2558 21.3962 22.4147 12.7842 22.4147M17.086 29.4547C21.0233 29.4547 25.3502 28.3813 27.9373 26.2556C28.6456 25.6771 29.3207 24.9058 29.9247 23.87C30.2724 23.2744 30.6122 22.566 30.8891 21.87C30.9018 21.8364 30.8804 21.8198 30.8553 21.8573C28.4489 25.4002 21.4804 27.6096 14.2853 27.6096C9.19933 27.6096 3.72733 25.9831 1.58511 22.8762C1.564 22.8469 1.54267 22.8596 1.55533 22.8929C3.55178 27.136 9.60622 29.4547 17.086 29.4547M6.18889 28.6371C8.90133 30.7378 12.3062 32 16.0002 32C20.0422 32 23.7278 30.4987 26.5404 28.0336C26.5742 28.0038 26.5578 27.9831 26.5244 28.0038C25.262 28.8469 21.6644 30.6876 16.0002 30.6876C11.0773 30.6876 7.96667 29.5889 6.20933 28.6078C6.17622 28.5913 6.16356 28.6164 6.18889 28.6371"" fill=""#009FDB""></path></svg>"
spiceworks.com,https://zd-brightspot.s3.us-east-1.amazonaws.com/wp-content/uploads/2026/02/11214015/shutterstock_2633764003-578x325.jpg
hubspot.com,"data:image/svg+xml;base64,PD94bWwgdmVyc2lvbj0iMS4wIiBlbmNvZGluZz0iVVRGLTgiPz4KPHN2ZyBpZD0iTGF5ZXJfMSIgZGF0YS1uYW1lPSJMYXllciAxIiB4bWxucz0iaHR0cDovL3d3dy53My5vcmcvMjAwMC9zdmciIHZpZXdCb3g9IjAgMCAxMjU1LjgyIDM1NS45OSI+CiAgPGRlZnM+CiAgICA8c3R5bGU+CiAgICAgIC5jbHMtMSB7CiAgICAgICAgZmlsbDogI2ZmNDgwMDsKICAgICAgfQogICAgPC9zdHlsZT4KICA8L2RlZnM+CiAgPGcgaWQ9Ikh1YlNwb3RfTG9nbyIgZGF0YS1uYW1lPSJIdWJTcG90IExvZ28iPgogICAgPGc+CiAgICAgIDxwb2x5Z29uIGNsYXNzPSJjbHMtMSIgcG9pbnRzPSIxMzYuMDEgMjAxLjQ4IDQzLjc5IDIwMS40OCA0My43OSAyOTguNjIgMCAyOTguNjIgMCA1OC45MyA0My43OSA1OC45MyA0My43OSAxNTkuMzUgMTM2LjAxIDE1OS4zNSAxMzYuMDEgNTguOTMgMTc5Ljc5IDU4LjkzIDE3OS43OSAyOTguNjIgMTM2LjAxIDI5OC42MiAxMzYuMDEgMjAxLjQ4Ii8+CiAgICAgIDxwYXRoIGNsYXNzPSJjbHMtMSIgZD0iTTMxOS45MSwyMjEuMTRjMCwxOS45Ni0xNi4yNiwzNi4yMS0zNi4yMiwzNi4yMXMtMzYuMjEtMTYuMjQtMzYuMjEtMzYuMjF2LTEwMi42NmgtNDEuNDd2MTAyLjY2YzAsNDIuODMsMzQuODUsNzcuNjcsNzcuNjgsNzcuNjdzNzcuNjctMzQuODQsNzcuNjctNzcuNjd2LTEwMi42NmgtNDEuNDV2MTAyLjY2WiIvPgogICAgICA8cGF0aCBjbGFzcz0iY2xzLTEiIGQ9Ik02MjcuNiwxMjkuMDVjMC0yMS4wNSwxMy45My0yNy43MiwyOS4xOC0yNy43MiwxMi4yOCwwLDI4LjUzLDkuMzUsMzkuMTQsMjAuNzFsMjcuMTktMzIuMDZjLTEzLjU5LTE4LjM2LTQxLjEyLTMxLjA1LTYzLjY3LTMxLjA1LTQ1LjEyLDAtNzcuNjMsMjYuMzgtNzcuNjMsNzAuMTMsMCw4MS4xNCw5OS4xOSw1NS40Miw5OS4xOSwxMDAuODQsMCwxNC4wMS0xMy42LDI2LjM3LTI5LjE4LDI2LjM3LTI0LjU1LDAtMzIuNTItMTIuMDItNDMuNzktMjQuNzFsLTMwLjE5LDMxLjM4YzE5LjI1LDIzLjcxLDQzLjEzLDM1Ljc0LDcxLjY2LDM1Ljc0LDQyLjc5LDAsNzcuMjktMjYuNzEsNzcuMjktNjguNDYsMC05MC4xNS05OS4xOC02Mi4xLTk5LjE4LTEwMS4xNloiLz4KICAgICAgPHBhdGggY2xhc3M9ImNscy0xIiBkPSJNMTI0MS4yMSwyNjAuMzNjLTI0LjU0LDAtMzEuNS0xMC42MS0zMS41LTI2Ljg3di03MS45OGgzOC4xNHYtMzYuNDhoLTM4LjE0di00OC4xbC00Mi4xMiwxOC45MXYxNDYuNjJjMCwzNy40OSwyNS44Niw1Ni40LDYxLjM0LDU2LjQsNS4zMSwwLDEyLjYxLS4zNCwxNi42LTEuMzNsMTAuMjktMzcuODFjLTQuNjQuMzItOS45NS42NS0xNC42MS42NVoiLz4KICAgICAgPHBhdGggY2xhc3M9ImNscy0xIiBkPSJNNDc3Ljk2LDExOS42OGMtMjAuNTcsMC0zNC45Miw1Ljk3LTQ4Ljc5LDE5LjU4VjYwLjM2aC00MS42djE0Ni4yM2MwLDU0LjczLDM5LjU3LDkyLjIyLDg0LjA0LDkyLjIyLDQ5LjQzLDAsOTIuNzMtMzguMTUsOTIuNzMtODkuNTZzLTM5LjkzLTg5LjU3LTg2LjM4LTg5LjU3Wk00NzcuNywyNTYuOTVjLTI2LjA2LDAtNDcuMTgtMjEuMTItNDcuMTgtNDcuMThzMjEuMTItNDcuMTgsNDcuMTgtNDcuMTgsNDcuMTgsMjEuMTIsNDcuMTgsNDcuMTgtMjEuMTIsNDcuMTgtNDcuMTgsNDcuMThaIi8+CiAgICAgIDxwYXRoIGNsYXNzPSJjbHMtMSIgZD0iTTkyOS41OSwyMDcuMDljMC01MS40MS00My4zMS04OS41Ni05Mi43My04OS41Ni00NC40NiwwLTg0LjA0LDM3LjQ5LTg0LjA0LDkyLjIydjE0Ni4yM2g0MS42di03OC45MWMxMy44NywxMy42MSwyOC4yMiwxOS41OCw0OC43OSwxOS41OCw0Ni40NSwwLDg2LjM4LTM4LjgxLDg2LjM4LTg5LjU3Wk04OTAuMTMsMjA2LjU4YzAsMjYuMDYtMjEuMTIsNDcuMTgtNDcuMTgsNDcuMThzLTQ3LjE4LTIxLjEyLTQ3LjE4LTQ3LjE4LDIxLjEyLTQ3LjE4LDQ3LjE4LTQ3LjE4LDQ3LjE4LDIxLjEyLDQ3LjE4LDQ3LjE4WiIvPgogICAgICA8cGF0aCBjbGFzcz0iY2xzLTEiIGQ9Ik0xMDY0LjAxLDExNS41MnYtNDEuNzljMTAuOTEtNS4xNSwxOC41NS0xNi4xOSwxOC41NS0yOC45OXYtLjk3YzAtMTcuNjctMTQuNDYtMzIuMTMtMzIuMTMtMzIuMTNoLS45NmMtMTcuNjcsMC0zMi4xMywxNC40Ni0zMi4xMywzMi4xM3YuOTdjMCwxMi44MSw3LjY0LDIzLjg0LDE4LjU1LDI4Ljk5djQxLjc5Yy0xNi4yNCwyLjUxLTMxLjA4LDkuMjEtNDMuMzIsMTkuMDZsLTExNC43My04OS4yNWMuNzUtMi45MSwxLjI4LTUuOSwxLjI5LTkuMDRDODc5LjE0LDE2LjI3LDg2Mi45NC4wMyw4NDIuOTIsMGMtMjAuMDItLjAzLTM2LjI2LDE2LjE4LTM2LjI5LDM2LjItLjAyLDIwLjAyLDE2LjE4LDM2LjI2LDM2LjIsMzYuMjksNi41MiwwLDEyLjU2LTEuODQsMTcuODUtNC44NWwxMTIuODYsODcuNzljLTkuNiwxNC40OS0xNS4yMiwzMS44NC0xNS4yMiw1MC41MnM2LjE4LDM3LjY1LDE2LjYyLDUyLjUzbC0zNC4zMiwzNC4zMmMtMi43MS0uODEtNS41My0xLjM4LTguNTEtMS4zOC0xNi40NSwwLTI5Ljc4LDEzLjMzLTI5Ljc4LDI5Ljc4czEzLjM0LDI5Ljc4LDI5Ljc4LDI5Ljc4LDI5Ljc4LTEzLjMzLDI5Ljc4LTI5Ljc4YzAtMi45OC0uNTctNS44LTEuMzgtOC41MWwzMy45NS0zMy45NWMxNS40MSwxMS43NiwzNC42LDE4LjgzLDU1LjQ5LDE4LjgzLDUwLjYsMCw5MS42Mi00MS4wMiw5MS42Mi05MS42MiwwLTQ1LjgxLTMzLjY1LTgzLjY1LTc3LjU2LTkwLjQzWk0xMDQ5Ljk0LDI1Mi45MmMtMjUuOTQsMC00Ni45OC0yMS4wMy00Ni45OC00Ni45N3MyMS4wMy00Ni45Nyw0Ni45OC00Ni45Nyw0Ni45NywyMS4wMyw0Ni45Nyw0Ni45Ny0yMS4wMyw0Ni45Ny00Ni45Nyw0Ni45N1oiLz4KICAgIDwvZz4KICA8L2c+Cjwvc3ZnPg=="
verticalresponse.com,https://verticalresponse.com/wp-content/uploads/2023/10/Group-1000004162.svg
wix.com,https://static.wixstatic.com/media/22a917_59b1d50700814897907e44537d9eea19~mv2.webp
spokeo.com,https://assets.production.spokeo.com/assets/v10/shared/featured_on/grey/cnbc-grey-6ea2284dbc15e0492c1947063698844e6951221f3d6bb0752be8a2800e76a24c.svg
motorola.com,https://motorolain.vtexassets.com/arquivos/motorola-logo.png
blackberry.com,"data:image/svg+xml;utf8,<svg aria-hidden=""true"" class=""lucide lucide-search"" fill=""none"" height=""20"" stroke=""currentColor"" stroke-linecap=""round"" stroke-linejoin=""round"" stroke-width=""2"" viewbox=""0 0 24 24"" width=""20"" xmlns=""http://www.w3.org/2000/svg""><path d=""m21 21-4.34-4.34""></path><circle cx=""11"" cy=""11"" r=""8""></circle></svg>"
skype.com,https://statics.teams.cdn.live.net/evergreen-assets/icons/Teams_Logo_v2025_80x80.png
reachlocal.com,https://localiq.com/wp-content/uploads/2022/09/LocaliQ_Logo_black_NoTagline_186x35-1.svg
mediaplex.com,https://cdn.sanity.io/images/bbfpkf4q/eps-prod/ae4a7900f296f352bea2e9d3a078401463717155-108x108.svg?w=1920&h=180&fit=max
bing.com,"data:image/png;base64,iVBORw0KGgoAAAANSUhEUgAAABAAAAAQCAYAAAAf8/9hAAAACXBIWXMAAAsTAAALEwEAmpwYAAAAAXNSR0IArs4c6QAAAARnQU1BAACxjwv8YQUAAAKFSURBVHgBrVJBaxNBFP7ezGw2bZJmo/SkYCyICgoVvBQ85AcILUUvXkov4tFeBY3xD4gnbxIoXhTaglfR9OC5HnpSpCmtNMW2ydom2d3ZnedstKXBoz72zZth+b73fTMP+Meg482lN+3JTH5kGcxlZsAYRlpjP8Lu66+gnm66Ls3vvZ9qnCZQ6eK93Cl32skytw/L6TkFpp8Nij/twtGGc16mLEdVdQ8YIhDpYrSuhlHvQhR2oaOuPR+CtU9IfFbtAPkxB1TKIjo7WvEebnh/KSi63yvWDAlKWCBOK4Qw0C2i0BQh8g6F3giigstxLlO1kIWTO7i5uFgxJD4OQH+SEA+q/6W0sv3h6nyncaOzen+9bpzcXIQsNGcQs+joUNfUeP7b9IDJdpeUkO3MEslAzfh1Z2H9yb3O2p13lf5+a65rCgg5h4CzSIz0BJmqmnCbFSGYFSekyMCSQKVWjNl8dnupmZKPCX/aMZFtEFOGQowYl42w7sl46pq7NSnZIAWnQAlDNq0iXjn2WRQHMw7lyKHIKgg4sjtjW9pfn9UVtdOxkr0UJOk3WNlkJAOC/oNqOQmOyjLScC08RJdiZFILqe+GmpCtWpaSqhLGE0ggB2BRL071VtcqFa99tP3cO3MOmSBmFYbIaodja4aFIoZaodNvym9nq/gRP8VuAOyE3NpK4F65TKO5EnOgwJHNWBE0MSdiM//q8UUxNNd3l2rwdQd9gyRiMq6DwoQEFXskvB5kqQdRPGJR6hGVuo2TSRyKfV3njsbhT3tH4xkSYxZY7EN6/QGRLPVTsg2RD2onkzgUe/EL3+eZg0SWz9/KQhT64KxO5ZOMJbMWzaCL2fyjehP/I34BAVpFdp9EDL8AAAAASUVORK5CYII="
rackspace.com,https://rackspace.com/themes/custom/hansel/images/rs-logo-2021B.svg
centurylink.com,https://www.centurylink.com/assets/images/page-components/global-menu/corp_logo.svg
indeed.com,"data:image/svg+xml;base64,PHN2ZyB3aWR0aD0iNzUiIGhlaWdodD0iMjAiIGZpbGw9Im5vbmUiIHhtbG5zPSJodHRwOi8vd3d3LnczLm9yZy8yMDAwL3N2ZyIgYXJpYS1oaWRkZW49InRydWUiPjxwYXRoIGZpbGwtcnVsZT0iZXZlbm9kZCIgY2xpcC1ydWxlPSJldmVub2RkIiBkPSJNNzQuNjEzIDMuNDU4Yy0uMjY1LS4yOTctLjYyLS40NDgtMS4xLS40NDgtLjQ4IDAtLjg0Ni4xNTktMS4xMDEuNDg3LS4yNTUuMzE3LS4zODcuNzkzLS4zODcgMS40MTd2NC41MjRjLS41OS0uNjM2LTEuMjAzLTEuMDkyLTEuODI1LTEuMzk5YTQuNTY4IDQuNTY4IDAgMCAwLTEuMzU2LS4zOTcgNi45MTcgNi45MTcgMCAwIDAtLjkzNy0uMDZjLTEuNTU5IDAtMi44MjIuNTM2LTMuNzkxIDEuNjA4LS45NTggMS4wNzItMS40MzggMi41Ni0xLjQzOCA0LjQ3MiAwIC45MDQuMTIzIDEuNzQ3LjM2NyAyLjUyLjI0Ni43NzIuNTkgMS40NDggMS4wNiAyLjAyMmE0Ljk3NSA0Ljk3NSAwIDAgMCAxLjY3IDEuMzMgNC43NjYgNC43NjYgMCAwIDAgMi4wODkuNDY1Yy4zNDUgMCAuNjcyLS4wMjkuOTc3LS4wODguMjA1LS4wMy4zOTctLjA4LjU5Mi0uMTRhNS4wODYgNS4wODYgMCAwIDAgMS4zMzUtLjY3NCA3LjggNy44IDAgMCAwIDEuMjUzLTEuMTV2LjI5N2MwIC41NjUuMTQzLjk5Mi40MTggMS4zLjI4Ni4yOTcuNjQzLjQ1NSAxLjA3LjQ1NS40MzggMCAuNzk0LS4xNDkgMS4wNy0uNDM1LjI3My0uMjk4LjQxNy0uNzM0LjQxNy0xLjMxOFY0Ljc1OGMuMDA0LS41NjctLjEyOC0xLjAwNC0uMzgzLTEuM3ptLTMuMTY5IDEyLjQ3N2MtLjI3NS41NzUtLjY0MyAxLjAwMi0xLjA5IDEuMjgtLjQ2LjI3OS0uOTYuNDE2LTEuNTEuNDE2aC0uMDFhMi43OSAyLjc5IDAgMCAxLTEuNTA5LS40MzVjLS40NTktLjI5OC0uODI1LS43MzQtMS4wODktMS4zMDktLjI2NC0uNTg1LS4zOTYtMS4yOS0uMzk2LTIuMTIzIDAtLjc4NC4xMjEtMS40NzcuMzc3LTIuMDYyLjI0NS0uNTk2LjYwMS0xLjA1MiAxLjA1LTEuMzY4LjQ2LS4zMjguOTctLjQ3NyAxLjU0OC0uNDc3aC4wM2MuNTQxIDAgMS4wNC4xNTggMS40OTkuNDY1LjQ1OS4zMDguODI1Ljc1NiAxLjEgMS4zNC4yNzUuNTg1LjQwOCAxLjI5LjQwOCAyLjEwMiAwIC44NzItLjEzMyAxLjU5Ny0uNDA4IDIuMTcxem0tOS44OTYuMTNjLS4xOTQtLjE2OC0uNDU5LS4yNTgtLjc4NS0uMjU4LS4yOTYgMC0uNTIuMDctLjY4My4xOTktLjM5OC4zNTYtLjcxMy42NDQtLjk2Ljg1Mi0uMjQyLjE5OS0uNTIuMzk3LS44MTMuNTg0YTMuMjcgMy4yNyAwIDAgMS0uODk2LjM5OSAzLjc5OCAzLjc5OCAwIDAgMS0xLjAzLjEyOGMtLjA4MSAwLS4xNjMgMC0uMjM1LS4wMWEyLjgyOSAyLjgyOSAwIDAgMS0xLjMwMy0uMzk3Yy0uNDctLjI2Ny0uODM2LS42NjItMS4xMjItMS4xNzktLjI3NS0uNTM2LS40MTgtMS4xNS0uNDI3LTEuODQ1aDYuMTQ1Yy44MjUgMCAxLjQ2Ni0uMTIgMS45MTUtLjMzNy40Ni0uMjM5LjY4My0uNzM1LjY4My0xLjQ5OCAwLS44MzMtLjIyNC0xLjY0Ni0uNjYyLTIuNDUtLjQzOC0uNzk1LTEuMDktMS40NDktMS45NzYtMS45NTMtLjg3OC0uNTA2LTEuOTI3LS43NTQtMy4xNi0uNzU0aC0uMDkxYy0uOTA3LjAxLTEuNzQzLjE2LTIuNDg2LjQzN2E1LjU0IDUuNTQgMCAwIDAtMS45NjkgMS4yNjkgNS42NzcgNS42NzcgMCAwIDAtMS4yIDEuOTk0IDcuNDkgNy40OSAwIDAgMC0uNDIgMi41MThjMCAxLjkyNS41NjIgMy40MzIgMS42ODIgNC41NTIgMS4wNiAxLjA2MiAyLjUyNyAxLjYxOCA0LjM5MSAxLjY3Ny4xMDMuMDEuMjEzLjAxLjMyNy4wMS44NzYgMCAxLjY2LS4xMSAyLjM0Mi0uMzM3LjY4My0uMjI4IDEuMjQ0LS41MDcgMS42OTQtLjg0My40NDYtLjM0Ny43ODMtLjcwNCAxLjAwNy0xLjA3LjIyNC0uMzY3LjMzNy0uNjk1LjMzNy0uOTYzIDAtLjMxLS4xLS41NTctLjMwNS0uNzI1em0tNy4zMzYtNS42MDVjLjUtLjUyNiAxLjE0MS0uNzg0IDEuOTI2LS43ODRoLjAxMmMuODE0IDAgMS40NzcuMjU4IDEuOTc2Ljc3My41LjUxNy43OTUgMS4zLjg2NyAyLjM1aC01LjY5OGMuMTAxLTEuMDMuNDA4LTEuODE0LjkxNy0yLjMzOXptLTYuMDQ1IDUuMzQ2Yy0uMzA1IDAtLjUyOS4wNy0uNjkyLjE5OC0uMzg3LjM1Ny0uNzEzLjY0NS0uOTU4Ljg1My0uMjQ1LjE5OC0uNTEuMzk3LS44MDYuNTg0YTMuMzEyIDMuMzEyIDAgMCAxLS45MDYuMzk4IDMuNzQyIDMuNzQyIDAgMCAxLTEuMDMuMTI4Yy0uMDggMC0uMTYyIDAtLjIzNC0uMDFhMi44NDEgMi44NDEgMCAwIDEtMS4zMDQtLjM5NiAyLjkzMiAyLjkzMiAwIDAgMS0xLjExLTEuMThjLS4yODYtLjUzNS0uNDI5LTEuMTUtLjQ0LTEuODQ0aDYuMTU1Yy44MTUgMCAxLjQ1Ni0uMTIgMS45MTUtLjMzOC40NDgtLjIzOC42NzQtLjczNC42NzQtMS40OTcgMC0uODM0LS4yMTUtMS42NDctLjY1My0yLjQ1LS40MzgtLjc5NS0xLjEtMS40NS0xLjk3Ni0xLjk1NC0uODc4LS41MDUtMS45MzctLjc1My0zLjE1OC0uNzUzaC0uMTAzYy0uOTA2LjAxLTEuNzMxLjE2LTIuNDg2LjQzN2E1LjM4MyA1LjM4MyAwIDAgMC0xLjk1NyAxLjI2OCA1LjU0IDUuNTQgMCAwIDAtMS4yMTIgMS45OTQgNy40NTEgNy40NTEgMCAwIDAtLjQyIDIuNTE4YzAgMS45MjUuNTcyIDMuNDMyIDEuNjkyIDQuNTUyIDEuMDYgMS4wNjMgMi41MTcgMS42MTggNC4zODIgMS42NzcuMTEyLjAxLjIxMi4wMS4zMjYuMDEuODg2IDAgMS42NjEtLjEwOSAyLjM0My0uMzM2LjY4Mi0uMjI5IDEuMjQ0LS41MDcgMS42OTEtLjg0My40Ni0uMzQ4Ljc4NS0uNzA0IDEuMDEtMS4wNy4yMjMtLjM2Ny4zMzctLjY5NS4zMzctLjk2NCAwLS4zMDctLjEwMy0uNTU1LS4yOTYtLjcyMy0uMjAyLS4xNy0uNDY5LS4yNi0uNzg0LS4yNnptLTYuNTYyLTUuMzQ2Yy40OTktLjUyNiAxLjE0Mi0uNzg0IDEuOTI3LS43ODRoLjAxMWMuODE0IDAgMS40NzcuMjU4IDEuOTc2Ljc3My41MDkuNTE3Ljc5NSAxLjMuODc3IDIuMzVoLTUuNzA3Yy4xMTItMS4wMy40MTktMS44MTQuOTE2LTIuMzM5ek02LjU0NyAxNy45Njl2LTcuMzAxYy4yMTIuMDIuNDE3LjAyOS42MzEuMDI5YTUuNTE0IDUuNTE0IDAgMCAwIDIuNzkyLS43NDR2OC4wMTRjMCAuNjg1LS4xNjMgMS4xOS0uNDggMS41MjgtLjMxNS4zMzYtLjczMy41MDQtMS4yNDIuNTA0LS41IDAtLjg5Ny0uMTY4LTEuMjIzLS41MTUtLjMxNS0uMzM2LS40NzgtLjg0Mi0uNDc4LTEuNTE1em0yOS42LTE0LjUxYy0uMjY1LS4yOTgtLjYzMS0uNDQ5LTEuMDktLjQ0OS0uNDggMC0uODQ2LjE1OS0xLjEwMi40ODctLjI2NC4zMTctLjM4Ny43OTMtLjM4NyAxLjQxN3Y0LjUyNGMtLjU5LS42MzYtMS4yLTEuMDkyLTEuODI0LTEuMzk5YTQuNjQ0IDQuNjQ0IDAgMCAwLTEuMzU0LS4zOTcgNi45MDEgNi45MDEgMCAwIDAtLjkzOC0uMDZjLTEuNTU5IDAtMi44MzMuNTM2LTMuNzkgMS42MDgtLjk1OSAxLjA3Mi0xLjQzOCAyLjU2LTEuNDM4IDQuNDcyIDAgLjkwNC4xMjMgMS43NDcuMzU2IDIuNTJhNi4wMyA2LjAzIDAgMCAwIDEuMDcyIDIuMDIyIDQuOTYgNC45NiAwIDAgMCAxLjY3IDEuMzMgNC43NjYgNC43NjYgMCAwIDAgMi4wODkuNDY1IDUuMyA1LjMgMCAwIDAgLjk3Ny0uMDg4Yy4yMDUtLjAzLjM5OC0uMDguNTkyLS4xNGE1LjA4NiA1LjA4NiAwIDAgMCAxLjMzNS0uNjc0Yy40MTctLjI5OC44MjctLjY4NSAxLjI1Mi0xLjE1di4yOTdjMCAuNTY1LjE0NC45OTIuNDE5IDEuMy4yNzUuMjk3LjY0My40NTUgMS4wNy40NTUuNDE3IDAgLjc4NS0uMTQ5IDEuMDYtLjQzNS4yNzUtLjI5OC40MDYtLjczNC40MDYtMS4zMThWNC43NThjLjAwMS0uNTY3LS4xMi0xLjAwNC0uMzc0LTEuM3ptLTMuMTYgMTIuNDc2Yy0uMjc0LjU3NS0uNjQyIDEuMDAyLTEuMSAxLjI4YTIuODAyIDIuODAyIDAgMCAxLTEuNDk3LjQxNmgtLjAxYTIuNzkgMi43OSAwIDAgMS0xLjUwOC0uNDM1Yy0uNDY4LS4yOTgtLjgyNS0uNzM0LTEuMDktMS4zMDktLjI2NC0uNTg1LS4zOTctMS4yOS0uMzk3LTIuMTIzIDAtLjc4NC4xMjMtMS40NzcuMzY2LTIuMDYyLjI1NC0uNTk2LjYwMS0xLjA1MiAxLjA2LTEuMzY4LjQ0OC0uMzI4Ljk2OC0uNDc3IDEuNTM5LS40NzdoLjA0Yy41NCAwIDEuMDM5LjE1OCAxLjQ4OC40NjUuNDY5LjMwOC44MzUuNzU2IDEuMTEgMS4zNC4yNjQuNTg1LjQwOCAxLjI5LjQwOCAyLjEwMiAwIC44NzItLjE0NCAxLjU5Ny0uNDA4IDIuMTcxek0xNC45OTUgOS4yNXYuMzc4Yy41Ni0uNzE1IDEuMTYxLTEuMjMgMS44MTQtMS41NjguNjYyLS4zMjYgMS40MTYtLjQ5NiAyLjI3Mi0uNDk2LjgyNiAwIDEuNTcuMTggMi4yMi41MjZhMy4zNSAzLjM1IDAgMCAxIDEuNDU3IDEuNDg4Yy4yMTUuMzc2LjM0OC43ODQuNDA4IDEuMjIxLjA2MS40MjYuMDkxLjk4MS4wOTEgMS42NTZ2NS42ODVjMCAuNjE0LS4xNTMgMS4wOC0uNDM4IDEuMzg3LS4yODQuMzE3LS42NjIuNDc1LTEuMTIuNDc1LS40NyAwLS44NDYtLjE1OC0xLjE0Mi0uNDg0LS4yOTYtLjMxOS0uNDM5LS43ODMtLjQzOS0xLjM3OHYtNS4wOTNjMC0xLjAxMS0uMTQzLTEuNzg0LS40MjgtMi4zMi0uMjg1LS41MzQtLjg2Ny0uODAzLTEuNzItLjgwMy0uNTYyIDAtMS4wNy4xNjgtMS41My40ODZhMi44MjYgMi44MjYgMCAwIDAtMS4wMTggMS4zNWMtLjE1My40NTUtLjIyNCAxLjI5OC0uMjI0IDIuNTZ2My44MThjMCAuNjI0LS4xNTIgMS4wOC0uNDQ3IDEuMzk5LS4yOTYuMzA3LS42NzIuNDY1LTEuMTQyLjQ2NS0uNDU5IDAtLjgyNy0uMTU4LTEuMTIxLS40ODQtLjI5Ni0uMzE5LS40MzgtLjc4My0uNDM4LTEuMzc4VjkuM2MwLS41ODQuMTMzLTEuMDIuMzk4LTEuMy4yNTQtLjI4Ni42MS0uNDM2IDEuMDctLjQzNi4yNzUgMCAuNTIuMDYuNzQzLjE4OS4yMjQuMTI4LjQwNi4zMTcuNTQuNTc0LjEzMi4yNTguMTk0LjU2Ny4xOTQuOTIzek02LjU2Ni40NzNjMi4xMi0uNzQ0IDQuNTM1LS43MDQgNi4zNDguODIyLjMzNy4zMDcuNzIzLjY5NS44NzYgMS4xNS4xODQuNTc3LS42NDEtLjA2LS43NTQtLjEzOS0uNTkyLS4zNzctMS4xODItLjY5NC0xLjg0NC0uOTEyLTMuNTY2LTEuMDctNi45NC44NjQtOS4wMzggMy44N0MxLjI3OCA2LjU5LjcwNyA3Ljk5LjI0IDkuNTI2Yy0uMDUyLjE2OC0uMDkyLjM4Ny0uMTg0LjUzNS0uMDkzLjE3LS4wNC0uNDU1LS4wNC0uNDc2LjA3LS42MzUuMjAzLTEuMjUuMzY4LTEuODY0Ljk2Ny0zLjI3MyAzLjEwNi02IDYuMTgzLTcuMjV6bTQuMTA2IDUuODgxYTIuNTE3IDIuNTE3IDAgMCAxLTUuMDMyIDAgMi41MTcgMi41MTcgMCAxIDEgNS4wMzIgMHoiIGZpbGw9IiMwMDNBOUIiLz48L3N2Zz4="
peoplefinders.com,https://peoplefinders.com/favicon.ico
gotomeeting.com,"data:image/svg+xml;base64,PHN2ZyB3aWR0aD0iMTYiIGhlaWdodD0iMTYiIHZpZXdCb3g9IjAgMCAxNiAxNiIgZmlsbD0ibm9uZSIgeG1sbnM9Imh0dHA6Ly93d3cudzMub3JnLzIwMDAvc3ZnIj48cGF0aCBkPSJNNCA2TDggMTBMMTIgNiIgc3Ryb2tlPSJibGFjayIgc3Ryb2tlLXdpZHRoPSIyIiBzdHJva2UtbGluZWNhcD0ic3F1YXJlIiBzdHJva2UtbGluZWpvaW49ImJldmVsIi8+PC9zdmc+"
twitter.com,https://abs.twimg.com/responsive-web/client-web/icon-ios.77d25eba.png
intelius.com,https://www.intelius.com/favicon.ico
hostgator.com,https://www.hostgator.com/hg_files/apple-touch-icon.png
constantcontact.com,https://www.constantcontact.com/favicon.ico
godaddy.com,https://www.godaddy.com/favicon.ico
qualcomm.com,https://www.qualcomm.com/etc.clientlibs/qcomm-martech/clientlibs/clientlib-react/resources/favicon/qualcomm/favicon.png
facebook.com,https://static.xx.fbcdn.net/rsrc.php/y1/r/4lCu2zih0ca.svg
sprint.com,"data:image/svg+xml;base64,PHN2ZyBkYXRhLXNpemU9Im1kIiBjbGFzcz0icGh4LWljb24gIiB3aWR0aD0iMjQiIGhlaWdodD0iMjQiIHZpZXdCb3g9IjAgMCAyNCAyNCIgZmlsbD0iY3VycmVudENvbG9yIiB4bWxucz0iaHR0cDovL3d3dy53My5vcmcvMjAwMC9zdmciIGZvY3VzYWJsZT0iZmFsc2UiIGFyaWEtaGlkZGVuPSJ0cnVlIj4KICAgICAgICAgICA8cGF0aCBkPSJNMTIgMTEuNjkxNEMxMS4wMzc1IDExLjY5MTQgMTAuMjEzNiAxMS4zNDg3IDkuNTI4MjUgMTAuNjYzNEM4Ljg0Mjc1IDkuOTc3OTEgOC41IDkuMTUzOTEgOC41IDguMTkxNDFDOC41IDcuMjI4OTEgOC44NDI3NSA2LjQwNDk5IDkuNTI4MjUgNS43MTk2NkMxMC4yMTM2IDUuMDM0MTYgMTEuMDM3NSA0LjY5MTQxIDEyIDQuNjkxNDFDMTIuOTYyNSA0LjY5MTQxIDEzLjc4NjQgNS4wMzQxNiAxNC40NzE4IDUuNzE5NjZDMTUuMTU3MyA2LjQwNDk5IDE1LjUgNy4yMjg5MSAxNS41IDguMTkxNDFDMTUuNSA5LjE1MzkxIDE1LjE1NzMgOS45Nzc5MSAxNC40NzE4IDEwLjY2MzRDMTMuNzg2NCAxMS4zNDg3IDEyLjk2MjUgMTEuNjkxNCAxMiAxMS42OTE0Wk00LjUgMTkuMzA2OVYxNy4wODM3QzQuNSAxNi41OTQgNC42MzMgMTYuMTQwNSA0Ljg5OSAxNS43MjMyQzUuMTY1IDE1LjMwNTggNS41MjA1IDE0Ljk4NSA1Ljk2NTUgMTQuNzYwN0M2Ljk1MzgzIDE0LjI3NjIgNy45NTA5MiAxMy45MTI3IDguOTU2NzUgMTMuNjcwNEM5Ljk2MjU4IDEzLjQyODEgMTAuOTc3IDEzLjMwNjkgMTIgMTMuMzA2OUMxMy4wMjMgMTMuMzA2OSAxNC4wMzc0IDEzLjQyODEgMTUuMDQzMyAxMy42NzA0QzE2LjA0OTEgMTMuOTEyNyAxNy4wNDYyIDE0LjI3NjIgMTguMDM0NSAxNC43NjA3QzE4LjQ3OTUgMTQuOTg1IDE4LjgzNSAxNS4zMDU4IDE5LjEwMSAxNS43MjMyQzE5LjM2NyAxNi4xNDA1IDE5LjUgMTYuNTk0IDE5LjUgMTcuMDgzN1YxOS4zMDY5SDQuNVoiLz4KICAgICAgICAgIDwvc3ZnPg=="
t-mobile.com,"data:image/svg+xml;base64,PHN2ZyBkYXRhLXNpemU9Im1kIiBjbGFzcz0icGh4LWljb24gIiB3aWR0aD0iMjQiIGhlaWdodD0iMjQiIHZpZXdCb3g9IjAgMCAyNCAyNCIgZmlsbD0iY3VycmVudENvbG9yIiB4bWxucz0iaHR0cDovL3d3dy53My5vcmcvMjAwMC9zdmciIGZvY3VzYWJsZT0iZmFsc2UiIGFyaWEtaGlkZGVuPSJ0cnVlIj4KICAgICAgICAgICA8cGF0aCBkPSJNMTIgMTEuNjkxNEMxMS4wMzc1IDExLjY5MTQgMTAuMjEzNiAxMS4zNDg3IDkuNTI4MjUgMTAuNjYzNEM4Ljg0Mjc1IDkuOTc3OTEgOC41IDkuMTUzOTEgOC41IDguMTkxNDFDOC41IDcuMjI4OTEgOC44NDI3NSA2LjQwNDk5IDkuNTI4MjUgNS43MTk2NkMxMC4yMTM2IDUuMDM0MTYgMTEuMDM3NSA0LjY5MTQxIDEyIDQuNjkxNDFDMTIuOTYyNSA0LjY5MTQxIDEzLjc4NjQgNS4wMzQxNiAxNC40NzE4IDUuNzE5NjZDMTUuMTU3MyA2LjQwNDk5IDE1LjUgNy4yMjg5MSAxNS41IDguMTkxNDFDMTUuNSA5LjE1MzkxIDE1LjE1NzMgOS45Nzc5MSAxNC40NzE4IDEwLjY2MzRDMTMuNzg2NCAxMS4zNDg3IDEyLjk2MjUgMTEuNjkxNCAxMiAxMS42OTE0Wk00LjUgMTkuMzA2OVYxNy4wODM3QzQuNSAxNi41OTQgNC42MzMgMTYuMTQwNSA0Ljg5OSAxNS43MjMyQzUuMTY1IDE1LjMwNTggNS41MjA1IDE0Ljk4NSA1Ljk2NTUgMTQuNzYwN0M2Ljk1MzgzIDE0LjI3NjIgNy45NTA5MiAxMy45MTI3IDguOTU2NzUgMTMuNjcwNEM5Ljk2MjU4IDEzLjQyODEgMTAuOTc3IDEzLjMwNjkgMTIgMTMuMzA2OUMxMy4wMjMgMTMuMzA2OSAxNC4wMzc0IDEzLjQyODEgMTUuMDQzMyAxMy42NzA0QzE2LjA0OTEgMTMuOTEyNyAxNy4wNDYyIDE0LjI3NjIgMTguMDM0NSAxNC43NjA3QzE4LjQ3OTUgMTQuOTg1IDE4LjgzNSAxNS4zMDU4IDE5LjEwMSAxNS43MjMyQzE5LjM2NyAxNi4xNDA1IDE5LjUgMTYuNTk0IDE5LjUgMTcuMDgzN1YxOS4zMDY5SDQuNVoiLz4KICAgICAgICAgIDwvc3ZnPg=="
bizrate.com,https://www.bizrate.com/favicon.ico
cox.com,https://webcdn.cox.com/content/dam/cox/residential/ux/iris-resi.svg
metropcs.com,"data:image/svg+xml;base64,PHN2ZyBkYXRhLXNpemU9Im1kIiBjbGFzcz0icGh4LWljb24gIiB3aWR0aD0iMjQiIGhlaWdodD0iMjQiIHZpZXdCb3g9IjAgMCAyNCAyNCIgZmlsbD0iY3VycmVudENvbG9yIiB4bWxucz0iaHR0cDovL3d3dy53My5vcmcvMjAwMC9zdmciIGZvY3VzYWJsZT0iZmFsc2UiIGFyaWEtaGlkZGVuPSJ0cnVlIj4KICAgICAgICAgICA8cGF0aCBkPSJNMTIgMTEuNjkxNEMxMS4wMzc1IDExLjY5MTQgMTAuMjEzNiAxMS4zNDg3IDkuNTI4MjUgMTAuNjYzNEM4Ljg0Mjc1IDkuOTc3OTEgOC41IDkuMTUzOTEgOC41IDguMTkxNDFDOC41IDcuMjI4OTEgOC44NDI3NSA2LjQwNDk5IDkuNTI4MjUgNS43MTk2NkMxMC4yMTM2IDUuMDM0MTYgMTEuMDM3NSA0LjY5MTQxIDEyIDQuNjkxNDFDMTIuOTYyNSA0LjY5MTQxIDEzLjc4NjQgNS4wMzQxNiAxNC40NzE4IDUuNzE5NjZDMTUuMTU3MyA2LjQwNDk5IDE1LjUgNy4yMjg5MSAxNS41IDguMTkxNDFDMTUuNSA5LjE1MzkxIDE1LjE1NzMgOS45Nzc5MSAxNC40NzE4IDEwLjY2MzRDMTMuNzg2NCAxMS4zNDg3IDEyLjk2MjUgMTEuNjkxNCAxMiAxMS42OTE0Wk00LjUgMTkuMzA2OVYxNy4wODM3QzQuNSAxNi41OTQgNC42MzMgMTYuMTQwNSA0Ljg5OSAxNS43MjMyQzUuMTY1IDE1LjMwNTggNS41MjA1IDE0Ljk4NSA1Ljk2NTUgMTQuNzYwN0M2Ljk1MzgzIDE0LjI3NjIgNy45NTA5MiAxMy45MTI3IDguOTU2NzUgMTMuNjcwNEM5Ljk2MjU4IDEzLjQyODEgMTAuOTc3IDEzLjMwNjkgMTIgMTMuMzA2OUMxMy4wMjMgMTMuMzA2OSAxNC4wMzc0IDEzLjQyODEgMTUuMDQzMyAxMy42NzA0QzE2LjA0OTEgMTMuOTEyNyAxNy4wNDYyIDE0LjI3NjIgMTguMDM0NSAxNC43NjA3QzE4LjQ3OTUgMTQuOTg1IDE4LjgzNSAxNS4zMDU4IDE5LjEwMSAxNS43MjMyQzE5LjM2NyAxNi4xNDA1IDE5LjUgMTYuNTk0IDE5LjUgMTcuMDgzN1YxOS4zMDY5SDQuNVoiLz4KICAgICAgICAgIDwvc3ZnPg=="
comcast.com,https://www.xfinity.com/favicon.ico
exacttarget.com,https://wp.sfdcdigital.com/en-us/wp-content/uploads/sites/4/2024/08/call.svg
